project_id,Vulnerability,OsType,Hostname,private_ip,public_ip,
2,CVE-2014-0160,Linux,qdlx-web-001,10.46.216.206,118.190.103.45,
2,CVE-2014-6271,Linux,qdlx-web-001,10.46.216.206,118.190.103.45,
2,CVE-2016-5195,Linux,qdlx-web-001,10.46.216.206,118.190.103.45,
2,CVE-2016-7543,Linux,qdlx-web-001,10.46.216.206,118.190.103.45,
2,CVE-2017-6074,Linux,qdlx-web-001,10.46.216.206,118.190.103.45,
2,CVE-2014-0160,Linux,qdlx-web-002,10.46.216.216,118.190.103.67,
2,CVE-2014-6271,Linux,qdlx-web-002,10.46.216.216,118.190.103.67,
2,CVE-2016-5195,Linux,qdlx-web-002,10.46.216.216,118.190.103.67,
2,CVE-2016-7543,Linux,qdlx-web-002,10.46.216.216,118.190.103.67,
2,CVE-2017-6074,Linux,qdlx-web-002,10.46.216.216,118.190.103.67,
2,CVE-2017-0004,Windows,iZ283ycpsspZ,10.46.216.201,118.190.103.75,
2,MS17-010,Windows,iZ283ycpsspZ,10.46.216.201,118.190.103.75,
